{
  "project_info": {
    "project_number": "349525981870",
    "firebase_url": "https://mecachrome-software-2986d-default-rtdb.firebaseio.com",
    "project_id": "mecachrome-software-2986d",
    "storage_bucket": "mecachrome-software-2986d.appspot.com"
  },
  "client": [
    {
      "client_info": {
        "mobilesdk_app_id": "1:349525981870:android:08ac1fea6c32c6567e0b3f",
        "android_client_info": {
          "package_name": "com.example.appsoftwareltds"
        }
      },
      "oauth_client": [
        {
          "client_id": "349525981870-hlk8bjradtepe263tqbd7glqlllvmvjt.apps.googleusercontent.com",
          "client_type": 1,
          "android_info": {
            "package_name": "com.example.appsoftwareltds",
            "certificate_hash": "b82006e6c4e129c22d46481412e205dee57b3e3c"
          }
        },
        {
          "client_id": "349525981870-9mvc6n4vu7f5tvm9haqjqk7dli1u17kt.apps.googleusercontent.com",
          "client_type": 3
        }
      ],
      "api_key": [
        {
          "current_key": "AIzaSyCfo7gVGGuNRdTYwhLFuVytecNvRHASDzg"
        }
      ],
      "services": {
        "appinvite_service": {
          "other_platform_oauth_client": [
            {
              "client_id": "349525981870-9mvc6n4vu7f5tvm9haqjqk7dli1u17kt.apps.googleusercontent.com",
              "client_type": 3
            }
          ]
        }
      }
    }
  ],
  "configuration_version": "1"
}